{"BERA-USDT-SWAP": {"score": 2.0, "rsi": 30.06782215523738, "funding": -0.15702122570653, "wall": 0.9885813013373995, "time": 1770914606.6155894}, "LINEA-USDT-SWAP": {"score": 2.0, "rsi": 37.51351351351352, "funding": -0.25037134449041, "wall": 1.4487318764885304, "time": 1770927672.2124803}, "ME-USDT-SWAP": {"score": 2.0, "rsi": 50.05793742757821, "funding": -0.38149773702001, "wall": 0.8829539792242767, "time": 1770934750.9436352}, "MERL-USDT-SWAP": {"score": 5.0, "rsi": 59.43251533742332, "funding": 0.005, "wall": 1.3407050115277273, "time": 1771021223.992813}, "DYDX-USDT-SWAP": {"score": 6.0, "rsi": 76.56249999999999, "funding": 0.01, "wall": 0.8432919125867623, "time": 1770883767.4870546}, "W-USDT-SWAP": {"score": 5.0, "rsi": 81.98198198198203, "funding": -0.01768669927384, "wall": 0.783435417744696, "time": 1771045655.7914655}, "GMT-USDT-SWAP": {"score": 6.0, "rsi": 83.65384615384616, "funding": 0.005, "wall": 0.7500076356930528, "time": 1770892330.8472788}, "0G-USDT-SWAP": {"score": 2.0, "rsi": 43.35260115606942, "funding": -0.22064909460401003, "wall": 1.3089669809395534, "time": 1770934752.8928833}, "PIPPIN-USDT-SWAP": {"score": 4.0, "rsi": 42.906727249779145, "funding": -0.05495771353185, "wall": 1.4438454627133872, "time": 1771050555.1548622}, "ZBT-USDT-SWAP": {"score": 5.0, "rsi": 59.925093632958884, "funding": 0.005, "wall": 0.7679853626285768, "time": 1771050562.5091147}, "XPL-USDT-SWAP": {"score": 5.0, "rsi": 47.96145292809491, "funding": 0.005, "wall": 1.029720355831604, "time": 1771050557.964928}, "MINA-USDT-SWAP": {"score": 5.0, "rsi": 80.27681660899648, "funding": -0.04293694924948, "wall": 0.8978735529432799, "time": 1770892337.1350656}, "EDEN-USDT-SWAP": {"score": 6.0, "rsi": 83.39222614840975, "funding": 0.005, "wall": 1.1492505061074085, "time": 1771045665.7411609}, "GRASS-USDT-SWAP": {"score": 5.0, "rsi": 51.14795918367347, "funding": 0.005, "wall": 0.9800637983545419, "time": 1770914613.8088002}, "SPACE-USDT-SWAP": {"score": 4.0, "rsi": 62.11020931225972, "funding": -0.00311379701607, "wall": 0.9654112596350863, "time": 1771050551.1056995}, "ZIL-USDT-SWAP": {"score": 4.0, "rsi": 56.21468926553669, "funding": -0.09243349588443, "wall": 1.0577335258797598, "time": 1770907280.1159875}, "ANIME-USDT-SWAP": {"score": 5.0, "rsi": 83.11111111111114, "funding": -0.00305571938503, "wall": 1.5044837238233464, "time": 1770892340.1841135}, "ALLO-USDT-SWAP": {"score": 4.0, "rsi": 50.487329434697855, "funding": -0.00083240654279, "wall": 0.46333202048050415, "time": 1771021236.2454014}, "ZK-USDT-SWAP": {"score": 4.0, "rsi": 61.93181818181817, "funding": -0.00440742997812, "wall": 0.9598027610380027, "time": 1770883777.0863786}, "YB-USDT-SWAP": {"score": 5.0, "rsi": 46.25850340136052, "funding": 0.005, "wall": 0.751038994234647, "time": 1770899654.5455995}, "S-USDT-SWAP": {"score": 5.0, "rsi": 24.622356495468267, "funding": 0.0022303460196700002, "wall": 1.1284874551971327, "time": 1770927677.1247892}, "RVN-USDT-SWAP": {"score": 6.0, "rsi": 84.12698412698393, "funding": 0.00797104281496, "wall": 1.3501885673514396, "time": 1770892345.6893468}, "LAYER-USDT-SWAP": {"score": 4.0, "rsi": 53.86081982840797, "funding": -0.03332187831557, "wall": 1.2352400109164787, "time": 1771050558.7623324}, "AVNT-USDT-SWAP": {"score": 2.0, "rsi": 58.77862595419844, "funding": -0.12597105035388, "wall": 1.1508688104772873, "time": 1770907277.5581176}, "ACU-USDT-SWAP": {"score": 5.0, "rsi": 65.54561717352414, "funding": 0.005, "wall": 1.3530701754385965, "time": 1770899655.3967683}, "TRIA-USDT-SWAP": {"score": 5.0, "rsi": 58.472553699284, "funding": 0.005, "wall": 0.9078869488014205, "time": 1771050571.2612436}, "WCT-USDT-SWAP": {"score": 5.0, "rsi": 49.56011730205285, "funding": 0.005, "wall": 1.518406869461953, "time": 1770883782.6882281}, "PLUME-USDT-SWAP": {"score": 5.5, "rsi": 61.98830409356727, "funding": -0.02729020737539, "wall": 3.171739523601817, "time": 1770899656.0931628}, "USELESS-USDT-SWAP": {"score": 5.0, "rsi": 71.40186915887848, "funding": 0.005, "wall": 0.628347103862958, "time": 1770907283.7190835}, "ASTER-USDT-SWAP": {"score": 5.0, "rsi": 56.51828298887122, "funding": 0.00430295227975, "wall": 1.2472046044232115, "time": 1770907271.923411}, "HYPE-USDT-SWAP": {"score": 5.0, "rsi": 73.68609224168756, "funding": 0.00290642702982, "wall": 0.3853175623553613, "time": 1771007335.2620308}, "MAGIC-USDT-SWAP": {"score": 4.0, "rsi": 68.09583858764191, "funding": -0.0887515316797, "wall": 1.1455950132386234, "time": 1770899649.9469292}, "BREV-USDT-SWAP": {"score": 5.0, "rsi": 61.572052401746724, "funding": 0.005, "wall": 0.8730606913031883, "time": 1770927676.3145232}, "MOVE-USDT-SWAP": {"score": 2.0, "rsi": 60.64814814814815, "funding": -0.63290179814229, "wall": 0.6056005009392611, "time": 1770927673.1086128}, "AR-USDT-SWAP": {"score": 4.0, "rsi": 54.49438202247191, "funding": -0.009634690840649999, "wall": 0.8188600028464348, "time": 1771050565.0582411}, "ORDI-USDT-SWAP": {"score": 6.0, "rsi": 82.8282828282826, "funding": 0.005, "wall": 1.3117437574192474, "time": 1770892344.4375253}, "PENGU-USDT-SWAP": {"score": 4.0, "rsi": 57.65765765765771, "funding": -0.01341116903962, "wall": 1.2434026882710367, "time": 1771050563.4095483}, "JTO-USDT-SWAP": {"score": 4.0, "rsi": 61.72506738544473, "funding": -0.01946252521069, "wall": 0.7553391996795891, "time": 1770914615.557777}, "MOODENG-USDT-SWAP": {"score": 3.0, "rsi": 83.45428156748909, "funding": -0.58402062968056, "wall": 0.8296297295110704, "time": 1771041525.7089808}, "WLFI-USDT-SWAP": {"score": 5.0, "rsi": 80.20833333333343, "funding": -0.042341280362389995, "wall": 1.0406823941344645, "time": 1770907279.2592294}, "VIRTUAL-USDT-SWAP": {"score": 4.0, "rsi": 61.020881670533576, "funding": -0.01368632511191, "wall": 1.137123745819398, "time": 1771050570.410555}, "RIVER-USDT-SWAP": {"score": 2.0, "rsi": 25.06184090613199, "funding": -0.47191205759507, "wall": 0.5385863431151241, "time": 1770985738.3869033}, "LIT-USDT-SWAP": {"score": 5.0, "rsi": 53.900709219858165, "funding": 0.005, "wall": 0.9225686557918645, "time": 1771050572.0602913}, "AZTEC-USDT-SWAP": {"score": 4.0, "rsi": 17.396184062850736, "funding": -0.0056480774262399995, "wall": 0.6555905945099367, "time": 1771050560.4130254}, "RECALL-USDT-SWAP": {"score": 5.0, "rsi": 41.49940968122786, "funding": 0.005, "wall": 1.0968335035750767, "time": 1771000220.8241158}, "LPT-USDT-SWAP": {"score": 2.0, "rsi": 67.05202312138724, "funding": -0.26623414833665, "wall": 0.9000083778313763, "time": 1771021225.3873606}, "GPS-USDT-SWAP": {"score": 5.0, "rsi": 58.88817065287656, "funding": 0.005, "wall": 1.2109805957557271, "time": 1771050554.3559926}, "MON-USDT-SWAP": {"score": 5.0, "rsi": 67.7215189873418, "funding": 0.005, "wall": 0.9663803232460377, "time": 1771045658.8882246}, "COAI-USDT-SWAP": {"score": 6.5, "rsi": 56.784260515603805, "funding": 0.02075883368909, "wall": 1.5250008566738005, "time": 1771050549.458899}, "OM-USDT-SWAP": {"score": 4.0, "rsi": 25.631216526396344, "funding": -0.025732833483869996, "wall": 0.8147866141583562, "time": 1771050552.7692535}, "ZAMA-USDT-SWAP": {"score": 4.0, "rsi": 67.69230769230771, "funding": -0.03574600976444, "wall": 1.3842628681396312, "time": 1771050551.911193}, "CRV-USDT-SWAP": {"score": 7.0, "rsi": 85.47717842323661, "funding": 0.01, "wall": 1.4239739970582046, "time": 1771007331.7752535}, "PI-USDT-SWAP": {"score": 5.0, "rsi": 50.59288537549406, "funding": 0.005, "wall": 0.6405835992696076, "time": 1771050553.564244}, "SUI-USDT-SWAP": {"score": 4.0, "rsi": 74.86288848263251, "funding": -0.0010021564206099999, "wall": 0.9593889079082506, "time": 1771000219.116297}, "FOGO-USDT-SWAP": {"score": 4.0, "rsi": 60.3550295857988, "funding": -0.026828891861090002, "wall": 0.7860462553638332, "time": 1771050559.6077778}, "ZEC-USDT-SWAP": {"score": 4.0, "rsi": 69.95073891625617, "funding": -0.00149605922547, "wall": 1.745564738292011, "time": 1771050557.1570122}, "CFX-USDT-SWAP": {"score": 5.0, "rsi": 67.66020864381517,