{"BERA-USDT-SWAP": {"score": 2.0, "rsi": 38.23384311790823, "funding": -0.17188604288375, "wall": 0.8203908628175058, "time": 1770892325.791108}, "LINEA-USDT-SWAP": {"score": 4.0, "rsi": 57.697740112994346, "funding": -0.09736028641784, "wall": 0.7677827242251999, "time": 1770892327.7450273}, "ME-USDT-SWAP": {"score": 4.0, "rsi": 98.1586402266289, "funding": -1.5, "wall": 1.5550711989953385, "time": 1770892327.0350513}, "MERL-USDT-SWAP": {"score": 5.0, "rsi": 67.82884310618066, "funding": 0.005, "wall": 1.4865309182254283, "time": 1770892328.3916075}, "DYDX-USDT-SWAP": {"score": 6.0, "rsi": 76.56249999999999, "funding": 0.01, "wall": 0.8432919125867623, "time": 1770883767.4870546}, "W-USDT-SWAP": {"score": 6.0, "rsi": 83.5227272727272, "funding": 0.005, "wall": 0.9048485354047111, "time": 1770892329.6040838}, "GMT-USDT-SWAP": {"score": 6.0, "rsi": 83.65384615384616, "funding": 0.005, "wall": 0.7500076356930528, "time": 1770892330.8472788}, "0G-USDT-SWAP": {"score": 2.0, "rsi": 68.84449244060472, "funding": -0.20604145124345002, "wall": 1.2982837864267553, "time": 1770892330.2357843}, "PIPPIN-USDT-SWAP": {"score": 5.0, "rsi": 61.691255847427136, "funding": 0.005, "wall": 0.41426970489353754, "time": 1770892332.1447942}, "ZBT-USDT-SWAP": {"score": 2.0, "rsi": 58.253888610135476, "funding": -0.2988476526172, "wall": 0.9899535843218153, "time": 1770892331.4881854}, "XPL-USDT-SWAP": {"score": 5.0, "rsi": 75.6593169044531, "funding": -0.0015515045476200001, "wall": 1.0880548322408787, "time": 1770892333.9558735}, "MINA-USDT-SWAP": {"score": 5.0, "rsi": 80.27681660899648, "funding": -0.04293694924948, "wall": 0.8978735529432799, "time": 1770892337.1350656}, "EDEN-USDT-SWAP": {"score": 5.0, "rsi": 35.20249221183806, "funding": 0.005, "wall": 0.8855357219297119, "time": 1770892337.7837133}, "GRASS-USDT-SWAP": {"score": 5.0, "rsi": 59.540229885057464, "funding": 0.005, "wall": 0.9926738448905585, "time": 1770892335.2415311}, "SPACE-USDT-SWAP": {"score": 5.0, "rsi": 51.02420856610802, "funding": 0.005, "wall": 1.03560724524368, "time": 1770892338.392289}, "ZIL-USDT-SWAP": {"score": 4.0, "rsi": 57.35099337748344, "funding": -0.00228129479164, "wall": 1.0906916433768916, "time": 1770892342.5899372}, "ANIME-USDT-SWAP": {"score": 5.0, "rsi": 83.11111111111114, "funding": -0.00305571938503, "wall": 1.5044837238233464, "time": 1770892340.1841135}, "ALLO-USDT-SWAP": {"score": 5.0, "rsi": 49.31129476584023, "funding": 0.005, "wall": 1.2881616939364773, "time": 1770883776.3843572}, "ZK-USDT-SWAP": {"score": 4.0, "rsi": 61.93181818181817, "funding": -0.00440742997812, "wall": 0.9598027610380027, "time": 1770883777.0863786}, "YB-USDT-SWAP": {"score": 5.0, "rsi": 38.977635782747605, "funding": 0.005, "wall": 1.1835032052281063, "time": 1770892343.7876742}, "S-USDT-SWAP": {"score": 5.0, "rsi": 63.800904977375595, "funding": 0.005, "wall": 1.09532542011203, "time": 1770892343.1875274}, "RVN-USDT-SWAP": {"score": 6.0, "rsi": 84.12698412698393, "funding": 0.00797104281496, "wall": 1.3501885673514396, "time": 1770892345.6893468}, "LAYER-USDT-SWAP": {"score": 4.0, "rsi": 67.05816554809846, "funding": -0.059325554856450004, "wall": 1.4136698030658212, "time": 1770892339.0373654}, "AVNT-USDT-SWAP": {"score": 3.0, "rsi": 80.27522935779817, "funding": -0.44934985094666, "wall": 0.8931426229646717, "time": 1770892340.8389425}, "ACU-USDT-SWAP": {"score": 5.0, "rsi": 54.641638225255946, "funding": 0.005, "wall": 0.15518524029162328, "time": 1770892346.290051}, "TRIA-USDT-SWAP": {"score": 5.0, "rsi": 47.29281767955803, "funding": 0.005, "wall": 0.9003607263027069, "time": 1770892347.4407892}, "WCT-USDT-SWAP": {"score": 5.0, "rsi": 49.56011730205285, "funding": 0.005, "wall": 1.518406869461953, "time": 1770883782.6882281}, "PLUME-USDT-SWAP": {"score": 4.0, "rsi": 70.50359712230215, "funding": -0.040690609483399996, "wall": 2.1157746973153184, "time": 1770892348.03698}, "USELESS-USDT-SWAP": {"score": 5.0, "rsi": 48.12030075187974, "funding": 0.005, "wall": 0.9189165394999413, "time": 1770883784.0962005}, "ASTER-USDT-SWAP": {"score": 5.0, "rsi": 70.81427264409879, "funding": 0.005, "wall": 0.6928784513820775, "time": 1770892328.9820101}, "HYPE-USDT-SWAP": {"score": 4.0, "rsi": 61.010433827567255, "funding": -0.0026814900522099997, "wall": 0.9092440344896732, "time": 1770892333.2866313}, "MAGIC-USDT-SWAP": {"score": 2.0, "rsi": 74.78510028653298, "funding": -0.25688802392568, "wall": 1.2266006249908592, "time": 1770892334.591497}, "BREV-USDT-SWAP": {"score": 4.0, "rsi": 74.2358078602621, "funding": -0.0456023885434, "wall": 0.793577958953433, "time": 1770892335.8471086}, "MOVE-USDT-SWAP": {"score": 4.0, "rsi": 96.11111111111107, "funding": -1.5, "wall": 1.2303361201160212, "time": 1770892336.4961143}, "AR-USDT-SWAP": {"score": 6.0, "rsi": 84.0236686390532, "funding": 0.01, "wall": 0.6311297241391004, "time": 1770892341.9874206}, "ORDI-USDT-SWAP": {"score": 6.0, "rsi": 82.8282828282826, "funding": 0.005, "wall": 1.3117437574192474, "time": 1770892344.4375253}, "PENGU-USDT-SWAP": {"score": 5.0, "rsi": 79.49183303085296, "funding": -0.00171413293875, "wall": 1.043052006378075, "time": 1770892345.0827513}, "JTO-USDT-SWAP": {"score": 7.0, "rsi": 86.14864864864866, "funding": 0.005, "wall": 1.1095353705695927, "time": 1770892348.6460867}}