{"BERA-USDT-SWAP": {"score": 2.0, "rsi": 30.06782215523738, "funding": -0.15702122570653, "wall": 0.9885813013373995, "time": 1770914606.6155894}, "LINEA-USDT-SWAP": {"score": 2.0, "rsi": 37.51351351351352, "funding": -0.25037134449041, "wall": 1.4487318764885304, "time": 1770927672.2124803}, "ME-USDT-SWAP": {"score": 2.0, "rsi": 50.05793742757821, "funding": -0.38149773702001, "wall": 0.8829539792242767, "time": 1770934750.9436352}, "MERL-USDT-SWAP": {"score": 5.0, "rsi": 67.71231828615149, "funding": 0.005, "wall": 1.0094728528360768, "time": 1771007325.3632345}, "DYDX-USDT-SWAP": {"score": 6.0, "rsi": 76.56249999999999, "funding": 0.01, "wall": 0.8432919125867623, "time": 1770883767.4870546}, "W-USDT-SWAP": {"score": 6.0, "rsi": 83.5227272727272, "funding": 0.005, "wall": 0.9048485354047111, "time": 1770892329.6040838}, "GMT-USDT-SWAP": {"score": 6.0, "rsi": 83.65384615384616, "funding": 0.005, "wall": 0.7500076356930528, "time": 1770892330.8472788}, "0G-USDT-SWAP": {"score": 2.0, "rsi": 43.35260115606942, "funding": -0.22064909460401003, "wall": 1.3089669809395534, "time": 1770934752.8928833}, "PIPPIN-USDT-SWAP": {"score": 5.0, "rsi": 67.93040146859289, "funding": 0.005, "wall": 0.7502726281352236, "time": 1771007333.5181112}, "ZBT-USDT-SWAP": {"score": 4.0, "rsi": 56.100051046452286, "funding": -0.06618605906099, "wall": 1.1234393788690786, "time": 1770899647.7997768}, "XPL-USDT-SWAP": {"score": 7.0, "rsi": 90.23102310231025, "funding": 0.005, "wall": 1.5186125735521834, "time": 1771007337.315848}, "MINA-USDT-SWAP": {"score": 5.0, "rsi": 80.27681660899648, "funding": -0.04293694924948, "wall": 0.8978735529432799, "time": 1770892337.1350656}, "EDEN-USDT-SWAP": {"score": 5.0, "rsi": 35.20249221183806, "funding": 0.005, "wall": 0.8855357219297119, "time": 1770892337.7837133}, "GRASS-USDT-SWAP": {"score": 5.0, "rsi": 51.14795918367347, "funding": 0.005, "wall": 0.9800637983545419, "time": 1770914613.8088002}, "SPACE-USDT-SWAP": {"score": 5.0, "rsi": 73.7621973256234, "funding": 0.005, "wall": 0.9137365911799762, "time": 1771007330.0641236}, "ZIL-USDT-SWAP": {"score": 4.0, "rsi": 56.21468926553669, "funding": -0.09243349588443, "wall": 1.0577335258797598, "time": 1770907280.1159875}, "ANIME-USDT-SWAP": {"score": 5.0, "rsi": 83.11111111111114, "funding": -0.00305571938503, "wall": 1.5044837238233464, "time": 1770892340.1841135}, "ALLO-USDT-SWAP": {"score": 5.0, "rsi": 67.40878169449601, "funding": 0.005, "wall": 1.156790978336136, "time": 1771007343.3725495}, "ZK-USDT-SWAP": {"score": 4.0, "rsi": 61.93181818181817, "funding": -0.00440742997812, "wall": 0.9598027610380027, "time": 1770883777.0863786}, "YB-USDT-SWAP": {"score": 5.0, "rsi": 46.25850340136052, "funding": 0.005, "wall": 0.751038994234647, "time": 1770899654.5455995}, "S-USDT-SWAP": {"score": 5.0, "rsi": 24.622356495468267, "funding": 0.0022303460196700002, "wall": 1.1284874551971327, "time": 1770927677.1247892}, "RVN-USDT-SWAP": {"score": 6.0, "rsi": 84.12698412698393, "funding": 0.00797104281496, "wall": 1.3501885673514396, "time": 1770892345.6893468}, "LAYER-USDT-SWAP": {"score": 5.0, "rsi": 77.96887796887799, "funding": -0.04357913527565, "wall": 1.0157794641007776, "time": 1771007339.0187085}, "AVNT-USDT-SWAP": {"score": 2.0, "rsi": 58.77862595419844, "funding": -0.12597105035388, "wall": 1.1508688104772873, "time": 1770907277.5581176}, "ACU-USDT-SWAP": {"score": 5.0, "rsi": 65.54561717352414, "funding": 0.005, "wall": 1.3530701754385965, "time": 1770899655.3967683}, "TRIA-USDT-SWAP": {"score": 6.0, "rsi": 84.21052631578945, "funding": 0.005, "wall": 0.911615645098975, "time": 1771007346.0262327}, "WCT-USDT-SWAP": {"score": 5.0, "rsi": 49.56011730205285, "funding": 0.005, "wall": 1.518406869461953, "time": 1770883782.6882281}, "PLUME-USDT-SWAP": {"score": 5.5, "rsi": 61.98830409356727, "funding": -0.02729020737539, "wall": 3.171739523601817, "time": 1770899656.0931628}, "USELESS-USDT-SWAP": {"score": 5.0, "rsi": 71.40186915887848, "funding": 0.005, "wall": 0.628347103862958, "time": 1770907283.7190835}, "ASTER-USDT-SWAP": {"score": 5.0, "rsi": 56.51828298887122, "funding": 0.00430295227975, "wall": 1.2472046044232115, "time": 1770907271.923411}, "HYPE-USDT-SWAP": {"score": 5.0, "rsi": 73.68609224168756, "funding": 0.00290642702982, "wall": 0.3853175623553613, "time": 1771007335.2620308}, "MAGIC-USDT-SWAP": {"score": 4.0, "rsi": 68.09583858764191, "funding": -0.0887515316797, "wall": 1.1455950132386234, "time": 1770899649.9469292}, "BREV-USDT-SWAP": {"score": 5.0, "rsi": 61.572052401746724, "funding": 0.005, "wall": 0.8730606913031883, "time": 1770927676.3145232}, "MOVE-USDT-SWAP": {"score": 2.0, "rsi": 60.64814814814815, "funding": -0.63290179814229, "wall": 0.6056005009392611, "time": 1770927673.1086128}, "AR-USDT-SWAP": {"score": 4.0, "rsi": 72.41379310344828, "funding": -0.00094848157354, "wall": 0.8764575925989851, "time": 1771000226.6224868}, "ORDI-USDT-SWAP": {"score": 6.0, "rsi": 82.8282828282826, "funding": 0.005, "wall": 1.3117437574192474, "time": 1770892344.4375253}, "PENGU-USDT-SWAP": {"score": 6.0, "rsi": 87.84615384615384, "funding": -0.00747626252187, "wall": 1.1919250893597297, "time": 1771007342.5115137}, "JTO-USDT-SWAP": {"score": 4.0, "rsi": 61.72506738544473, "funding": -0.01946252521069, "wall": 0.7553391996795891, "time": 1770914615.557777}, "MOODENG-USDT-SWAP": {"score": 4.0, "rsi": 47.36111111111112, "funding": -0.07421700400902001, "wall": 1.0743195310458127, "time": 1771007332.6220722}, "WLFI-USDT-SWAP": {"score": 5.0, "rsi": 80.20833333333343, "funding": -0.042341280362389995, "wall": 1.0406823941344645, "time": 1770907279.2592294}, "VIRTUAL-USDT-SWAP": {"score": 4.0, "rsi": 69.26751592356689, "funding": -0.02170970427717, "wall": 1.1205772660937248, "time": 1770907285.0203304}, "RIVER-USDT-SWAP": {"score": 2.0, "rsi": 25.06184090613199, "funding": -0.47191205759507, "wall": 0.5385863431151241, "time": 1770985738.3869033}, "LIT-USDT-SWAP": {"score": 6.0, "rsi": 76.80608365019013, "funding": 0.005, "wall": 0.6518780096308187, "time": 1771007346.8781517}, "AZTEC-USDT-SWAP": {"score": 8.5, "rsi": 90.81309398099265, "funding": 0.17585252962783, "wall": 1.1803910658930132, "time": 1771007341.629943}, "RECALL-USDT-SWAP": {"score": 5.0, "rsi": 41.49940968122786, "funding": 0.005, "wall": 1.0968335035750767, "time": 1771000220.8241158}, "LPT-USDT-SWAP": {"score": 2.0, "rsi": 58.653846153846104, "funding": -0.21543076430448, "wall": 1.0373492991901894, "time": 1771007327.0622938}, "GPS-USDT-SWAP": {"score": 5.0, "rsi": 52.99145299145302, "funding": 0.005, "wall": 1.4281554302753576, "time": 1771000211.6334856}, "MON-USDT-SWAP": {"score": 5.0, "rsi": 68.86363636363643, "funding": 0.005, "wall": 1.0515508321355056, "time": 1771007334.3621275}, "COAI-USDT-SWAP": {"score": 6.5, "rsi": 73.09160305343511, "funding": 0.05058509818218, "wall": 0.7346480787730939, "time": 1771007326.2273002}, "OM-USDT-SWAP": {"score": 3.0, "rsi": 77.05570291777188, "funding": -0.18014384714439, "wall": 1.0030500355075167, "time": 1771007328.823552}, "ZAMA-USDT-SWAP": {"score": 5.0, "rsi": 77.51605995717345, "funding": -0.00787555202445, "wall": 1.5686996502089108, "time": 1771007327.9195917}, "CRV-USDT-SWAP": {"score": 7.0, "rsi": 85.47717842323661, "funding": 0.01, "wall": 1.4239739970582046, "time": 1771007331.7752535}, "PI-USDT-SWAP": {"score": 6.0, "rsi": 80.40345821325644, "funding": 0.005, "wall": 0.8138489351662859, "time": 1771007330.9280114}, "SUI-USDT-SWAP": {"score": 4.0, "rsi": 74.86288848263251, "funding": -0.0010021564206099999, "wall": 0.9593889079082506, "time": 1771000219.116297}, "FOGO-USDT-SWAP": {"score": 5.0, "rsi": 75.34246575342468, "funding": -0.0456685340413, "wall": 0.9625456661601629, "time": 1771007338.1605334}, "ZEC-USDT-SWAP": {"score": 7.0, "rsi": 93.49463592787036, "funding": 0.00085885827244, "wall": 0.855344570087476, "time": 1771007339.8777714}, "CFX-USDT-SWAP": {"score": 5.0, "rsi": 72.73838630806853, "funding": 0.01, "wall": 0.8617768129017707,