{"BERA-USDT-SWAP": {"score": 2.0, "rsi": 35.879036391594056, "funding": -1.37451411420843, "wall": 0.9758450667593842, "time": 1770899642.7438169}, "LINEA-USDT-SWAP": {"score": 4.0, "rsi": 51.17513267626992, "funding": -0.08754127399803, "wall": 0.8187461256931294, "time": 1770899644.6457326}, "ME-USDT-SWAP": {"score": 4.0, "rsi": 88.90469416785206, "funding": -1.5, "wall": 1.6367510333980553, "time": 1770899643.9945576}, "MERL-USDT-SWAP": {"score": 5.0, "rsi": 67.82884310618066, "funding": 0.005, "wall": 1.4865309182254283, "time": 1770892328.3916075}, "DYDX-USDT-SWAP": {"score": 6.0, "rsi": 76.56249999999999, "funding": 0.01, "wall": 0.8432919125867623, "time": 1770883767.4870546}, "W-USDT-SWAP": {"score": 6.0, "rsi": 83.5227272727272, "funding": 0.005, "wall": 0.9048485354047111, "time": 1770892329.6040838}, "GMT-USDT-SWAP": {"score": 6.0, "rsi": 83.65384615384616, "funding": 0.005, "wall": 0.7500076356930528, "time": 1770892330.8472788}, "0G-USDT-SWAP": {"score": 2.0, "rsi": 63.52490421455937, "funding": -0.10213664310533999, "wall": 1.8786066059871593, "time": 1770899645.2908907}, "PIPPIN-USDT-SWAP": {"score": 5.0, "rsi": 66.6393958464443, "funding": 0.005, "wall": 0.7756563245823389, "time": 1770899648.4974713}, "ZBT-USDT-SWAP": {"score": 4.0, "rsi": 56.100051046452286, "funding": -0.06618605906099, "wall": 1.1234393788690786, "time": 1770899647.7997768}, "XPL-USDT-SWAP": {"score": 5.0, "rsi": 69.0444145356662, "funding": 0.005, "wall": 1.6014948859166012, "time": 1770899649.2955563}, "MINA-USDT-SWAP": {"score": 5.0, "rsi": 80.27681660899648, "funding": -0.04293694924948, "wall": 0.8978735529432799, "time": 1770892337.1350656}, "EDEN-USDT-SWAP": {"score": 5.0, "rsi": 35.20249221183806, "funding": 0.005, "wall": 0.8855357219297119, "time": 1770892337.7837133}, "GRASS-USDT-SWAP": {"score": 5.0, "rsi": 57.41687979539643, "funding": 0.005, "wall": 0.8910349037096091, "time": 1770899650.592855}, "SPACE-USDT-SWAP": {"score": 5.0, "rsi": 51.02420856610802, "funding": 0.005, "wall": 1.03560724524368, "time": 1770892338.392289}, "ZIL-USDT-SWAP": {"score": 4.0, "rsi": 57.35099337748344, "funding": -0.00228129479164, "wall": 1.0906916433768916, "time": 1770892342.5899372}, "ANIME-USDT-SWAP": {"score": 5.0, "rsi": 83.11111111111114, "funding": -0.00305571938503, "wall": 1.5044837238233464, "time": 1770892340.1841135}, "ALLO-USDT-SWAP": {"score": 5.0, "rsi": 49.31129476584023, "funding": 0.005, "wall": 1.2881616939364773, "time": 1770883776.3843572}, "ZK-USDT-SWAP": {"score": 4.0, "rsi": 61.93181818181817, "funding": -0.00440742997812, "wall": 0.9598027610380027, "time": 1770883777.0863786}, "YB-USDT-SWAP": {"score": 5.0, "rsi": 46.25850340136052, "funding": 0.005, "wall": 0.751038994234647, "time": 1770899654.5455995}, "S-USDT-SWAP": {"score": 5.0, "rsi": 43.561368209255534, "funding": 0.005, "wall": 0.8422268503123961, "time": 1770899653.842848}, "RVN-USDT-SWAP": {"score": 6.0, "rsi": 84.12698412698393, "funding": 0.00797104281496, "wall": 1.3501885673514396, "time": 1770892345.6893468}, "LAYER-USDT-SWAP": {"score": 4.0, "rsi": 56.46780862374483, "funding": -0.033640714787110004, "wall": 0.7537425470767383, "time": 1770899651.9892302}, "AVNT-USDT-SWAP": {"score": 2.0, "rsi": 71.37254901960779, "funding": -0.22982136925304, "wall": 0.9833553182134094, "time": 1770899651.292453}, "ACU-USDT-SWAP": {"score": 5.0, "rsi": 65.54561717352414, "funding": 0.005, "wall": 1.3530701754385965, "time": 1770899655.3967683}, "TRIA-USDT-SWAP": {"score": 5.0, "rsi": 47.29281767955803, "funding": 0.005, "wall": 0.9003607263027069, "time": 1770892347.4407892}, "WCT-USDT-SWAP": {"score": 5.0, "rsi": 49.56011730205285, "funding": 0.005, "wall": 1.518406869461953, "time": 1770883782.6882281}, "PLUME-USDT-SWAP": {"score": 5.5, "rsi": 61.98830409356727, "funding": -0.02729020737539, "wall": 3.171739523601817, "time": 1770899656.0931628}, "USELESS-USDT-SWAP": {"score": 5.0, "rsi": 68.37782340862424, "funding": 0.005, "wall": 1.1675139700012604, "time": 1770899656.7951803}, "ASTER-USDT-SWAP": {"score": 5.0, "rsi": 62.30283911671925, "funding": 0.005, "wall": 1.1349551291679183, "time": 1770899645.9442115}, "HYPE-USDT-SWAP": {"score": 4.0, "rsi": 61.010433827567255, "funding": -0.0026814900522099997, "wall": 0.9092440344896732, "time": 1770892333.2866313}, "MAGIC-USDT-SWAP": {"score": 4.0, "rsi": 68.09583858764191, "funding": -0.0887515316797, "wall": 1.1455950132386234, "time": 1770899649.9469292}, "BREV-USDT-SWAP": {"score": 4.0, "rsi": 74.2358078602621, "funding": -0.0456023885434, "wall": 0.793577958953433, "time": 1770892335.8471086}, "MOVE-USDT-SWAP": {"score": 4.0, "rsi": 87.90983606557371, "funding": -1.5, "wall": 0.6407370035518244, "time": 1770899646.6477036}, "AR-USDT-SWAP": {"score": 5.0, "rsi": 77.11864406779654, "funding": -0.00394109288272, "wall": 0.7571154399024079, "time": 1770899653.151809}, "ORDI-USDT-SWAP": {"score": 6.0, "rsi": 82.8282828282826, "funding": 0.005, "wall": 1.3117437574192474, "time": 1770892344.4375253}, "PENGU-USDT-SWAP": {"score": 5.0, "rsi": 79.49183303085296, "funding": -0.00171413293875, "wall": 1.043052006378075, "time": 1770892345.0827513}, "JTO-USDT-SWAP": {"score": 5.0, "rsi": 72.33429394812681, "funding": 0.00426152705739, "wall": 0.8083949460332681, "time": 1770899657.4989562}}