{"BERA-USDT-SWAP": {"score": 3.0, "rsi": 79.35153583617749, "funding": -0.18333626963039001, "wall": 1.686896049811992, "time": 1771324431.3993905}, "LINEA-USDT-SWAP": {"score": 6.0, "rsi": 85.27272727272721, "funding": -0.00074349552312, "wall": 0.445520810710779, "time": 1771093026.4550097}, "ME-USDT-SWAP": {"score": 2.0, "rsi": 50.05793742757821, "funding": -0.38149773702001, "wall": 0.8829539792242767, "time": 1770934750.9436352}, "MERL-USDT-SWAP": {"score": 4.0, "rsi": 66.83967704728951, "funding": -0.01304281808847, "wall": 1.0288365926416971, "time": 1771324433.3506398}, "DYDX-USDT-SWAP": {"score": 6.0, "rsi": 76.56249999999999, "funding": 0.01, "wall": 0.8432919125867623, "time": 1770883767.4870546}, "W-USDT-SWAP": {"score": 5.0, "rsi": 69.23076923076925, "funding": 0.005, "wall": 0.9045974668411534, "time": 1771071598.55321}, "GMT-USDT-SWAP": {"score": 6.0, "rsi": 83.65384615384616, "funding": 0.005, "wall": 0.7500076356930528, "time": 1770892330.8472788}, "0G-USDT-SWAP": {"score": 4.0, "rsi": 75.0, "funding": -0.05203040120947, "wall": 1.1477126584604078, "time": 1771150454.465304}, "PIPPIN-USDT-SWAP": {"score": 4.0, "rsi": 54.37724746649229, "funding": -0.08050379825951999, "wall": 1.4058697208303508, "time": 1771158054.4585993}, "ZBT-USDT-SWAP": {"score": 5.0, "rsi": 59.925093632958884, "funding": 0.005, "wall": 0.7679853626285768, "time": 1771050562.5091147}, "XPL-USDT-SWAP": {"score": 4.0, "rsi": 52.68065268065271, "funding": -0.00802880857482, "wall": 0.93790353209267, "time": 1771071600.8973496}, "MINA-USDT-SWAP": {"score": 5.0, "rsi": 80.27681660899648, "funding": -0.04293694924948, "wall": 0.8978735529432799, "time": 1770892337.1350656}, "EDEN-USDT-SWAP": {"score": 5.0, "rsi": 57.43944636678203, "funding": 0.005, "wall": 0.9621117628897808, "time": 1771078582.0748181}, "GRASS-USDT-SWAP": {"score": 5.0, "rsi": 51.14795918367347, "funding": 0.005, "wall": 0.9800637983545419, "time": 1770914613.8088002}, "SPACE-USDT-SWAP": {"score": 4.0, "rsi": 41.793893129771, "funding": -0.05900671980451, "wall": 1.8733225010531382, "time": 1771324432.6897857}, "ZIL-USDT-SWAP": {"score": 4.0, "rsi": 56.21468926553669, "funding": -0.09243349588443, "wall": 1.0577335258797598, "time": 1770907280.1159875}, "ANIME-USDT-SWAP": {"score": 5.0, "rsi": 83.11111111111114, "funding": -0.00305571938503, "wall": 1.5044837238233464, "time": 1770892340.1841135}, "ALLO-USDT-SWAP": {"score": 5.0, "rsi": 60.762942779291535, "funding": 0.0020392715436199998, "wall": 1.0961607463222103, "time": 1771203632.087985}, "ZK-USDT-SWAP": {"score": 4.0, "rsi": 61.93181818181817, "funding": -0.00440742997812, "wall": 0.9598027610380027, "time": 1770883777.0863786}, "YB-USDT-SWAP": {"score": 5.0, "rsi": 46.25850340136052, "funding": 0.005, "wall": 0.751038994234647, "time": 1770899654.5455995}, "S-USDT-SWAP": {"score": 5.0, "rsi": 53.601340033500826, "funding": 0.005, "wall": 0.9833327980988471, "time": 1771128607.3946548}, "RVN-USDT-SWAP": {"score": 6.0, "rsi": 84.12698412698393, "funding": 0.00797104281496, "wall": 1.3501885673514396, "time": 1770892345.6893468}, "LAYER-USDT-SWAP": {"score": 4.0, "rsi": 53.49282296650715, "funding": -0.0017894491677899998, "wall": 0.6477091547293873, "time": 1771057019.359109}, "AVNT-USDT-SWAP": {"score": 2.0, "rsi": 58.77862595419844, "funding": -0.12597105035388, "wall": 1.1508688104772873, "time": 1770907277.5581176}, "ACU-USDT-SWAP": {"score": 5.0, "rsi": 65.54561717352414, "funding": 0.005, "wall": 1.3530701754385965, "time": 1770899655.3967683}, "TRIA-USDT-SWAP": {"score": 5.0, "rsi": 67.75147928994085, "funding": 0.005, "wall": 1.0728368848107985, "time": 1771259307.166727}, "WCT-USDT-SWAP": {"score": 5.0, "rsi": 49.56011730205285, "funding": 0.005, "wall": 1.518406869461953, "time": 1770883782.6882281}, "PLUME-USDT-SWAP": {"score": 5.5, "rsi": 61.98830409356727, "funding": -0.02729020737539, "wall": 3.171739523601817, "time": 1770899656.0931628}, "USELESS-USDT-SWAP": {"score": 5.0, "rsi": 65.34056660638939, "funding": 0.005, "wall": 0.6423101962364758, "time": 1771317067.2605062}, "ASTER-USDT-SWAP": {"score": 5.0, "rsi": 56.51828298887122, "funding": 0.00430295227975, "wall": 1.2472046044232115, "time": 1770907271.923411}, "HYPE-USDT-SWAP": {"score": 5.0, "rsi": 73.68609224168756, "funding": 0.00290642702982, "wall": 0.3853175623553613, "time": 1771007335.2620308}, "MAGIC-USDT-SWAP": {"score": 2.0, "rsi": 52.680221811460235, "funding": -0.12848155732428, "wall": 0.6138503335485259, "time": 1771317065.8581624}, "BREV-USDT-SWAP": {"score": 5.0, "rsi": 61.572052401746724, "funding": 0.005, "wall": 0.8730606913031883, "time": 1770927676.3145232}, "MOVE-USDT-SWAP": {"score": 2.0, "rsi": 64.01384083044982, "funding": -1.5, "wall": 0.7571470189616081, "time": 1771179477.751962}, "AR-USDT-SWAP": {"score": 6.0, "rsi": 78.53881278538833, "funding": 0.01, "wall": 0.9049102967234921, "time": 1771099928.3633072}, "ORDI-USDT-SWAP": {"score": 6.0, "rsi": 82.8282828282826, "funding": 0.005, "wall": 1.3117437574192474, "time": 1770892344.4375253}, "PENGU-USDT-SWAP": {"score": 4.0, "rsi": 32.88288288288281, "funding": -0.0008038661098200001, "wall": 0.9136966002963567, "time": 1771150451.8745005}, "JTO-USDT-SWAP": {"score": 4.0, "rsi": 61.72506738544473, "funding": -0.01946252521069, "wall": 0.7553391996795891, "time": 1770914615.557777}, "MOODENG-USDT-SWAP": {"score": 4.0, "rsi": 55.8258642765685, "funding": -0.04409405949459, "wall": 0.9667973002394948, "time": 1771310535.753504}, "WLFI-USDT-SWAP": {"score": 5.0, "rsi": 80.20833333333343, "funding": -0.042341280362389995, "wall": 1.0406823941344645, "time": 1770907279.2592294}, "VIRTUAL-USDT-SWAP": {"score": 4.0, "rsi": 57.43073047858947, "funding": -0.01052025327879, "wall": 0.8376913095259256, "time": 1771137366.7126925}, "RIVER-USDT-SWAP": {"score": 2.0, "rsi": 25.06184090613199, "funding": -0.47191205759507, "wall": 0.5385863431151241, "time": 1770985738.3869033}, "LIT-USDT-SWAP": {"score": 5.0, "rsi": 53.900709219858165, "funding": 0.005, "wall": 0.9225686557918645, "time": 1771050572.0602913}, "AZTEC-USDT-SWAP": {"score": 4.0, "rsi": 58.39311334289814, "funding": -0.013601162078789999, "wall": 1.455183988065639, "time": 1771158058.2051065}, "RECALL-USDT-SWAP": {"score": 5.0, "rsi": 48.754152823920286, "funding": 0.005, "wall": 0.9068191444303262, "time": 1771150456.1152315}, "LPT-USDT-SWAP": {"score": 2.0, "rsi": 67.05202312138724, "funding": -0.26623414833665, "wall": 0.9000083778313763, "time": 1771021225.3873606}, "GPS-USDT-SWAP": {"score": 3.0, "rsi": 75.66568047337282, "funding": -0.13146138318399, "wall": 1.1727173199036567, "time": 1771324433.9387672}, "MON-USDT-SWAP": {"score": 5.0, "rsi": 70.19230769230768, "funding": 0.005, "wall": 1.079752110974234, "time": 1771085698.914889}, "COAI-USDT-SWAP": {"score": 5.0, "rsi": 61.272727272727266, "funding": 0.005, "wall": 0.7365903809884373, "time": 1771107038.6945727}, "OM-USDT-SWAP": {"score": 4.0, "rsi": 58.62584017923824, "funding": -0.02825840770267, "wall": 1.4153873344587804, "time": 1771280130.9864962}, "ZAMA-USDT-SWAP": {"score": 4.0, "rsi": 53.38345864661657, "funding": -0.00385307971465, "wall": 0.794477227347262, "time": 1771289984.057132}, "CRV-USDT-SWAP": {"score": 7.0, "rsi": 85.47717842323661, "funding": 0.01, "wall": 1.4239739970582046, "time": 1771007331.7752535}, "PI-USDT-SWAP": {"score": 5.0, "rsi": 53.11203319502075, "funding": 0.005, "wall": 0.927726615109204, "time": 1771165023.6035156}, "SUI-USDT-SWAP": {"score": 5.0, "rsi": 75.02930832356388, "funding": -0.01853839541142, "wall": 0.7070776136642387, "time": 1771071600.055551}, "FOGO-USDT-SWAP": {"score": 4.0, "rsi": 66.6666666666667, "funding": -0.00777941427807, "wall": 1.0602119379348687, "time": 1771301209.618324}, "ZEC-USDT-SWAP": {"score": 5.0, "rsi": 27.719298245614112, "funding": 0.005, "wall": 1.2437134502923977, "time": 1771158052.25584}, "CFX-USDT-SWAP": {"score": 5.0, "rsi": 74.08256880733944, "funding": 0.01, "wall": 0.6114188853977178,