{"BERA-USDT-SWAP": {"score": 2.0, "rsi": 59.123456790123456, "funding": -0.10609901340687, "wall": 2.108216672790399, "time": 1770883764.6883423}, "LINEA-USDT-SWAP": {"score": 2.0, "rsi": 63.1777108433735, "funding": -0.10914189559498, "wall": 0.8159214248424733, "time": 1770883765.386727}, "ME-USDT-SWAP": {"score": 4.0, "rsi": 95.91002044989774, "funding": -1.5, "wall": 0.674740377900241, "time": 1770883766.08951}, "MERL-USDT-SWAP": {"score": 5.0, "rsi": 67.77777777777779, "funding": 0.005, "wall": 1.2334723031984554, "time": 1770883766.797664}, "DYDX-USDT-SWAP": {"score": 6.0, "rsi": 76.56249999999999, "funding": 0.01, "wall": 0.8432919125867623, "time": 1770883767.4870546}, "W-USDT-SWAP": {"score": 7.0, "rsi": 85.6353591160221, "funding": 0.005, "wall": 0.8547487574093796, "time": 1770883768.1546528}, "GMT-USDT-SWAP": {"score": 6.0, "rsi": 80.61224489795923, "funding": 0.005, "wall": 0.9738518593900753, "time": 1770883768.8334608}, "0G-USDT-SWAP": {"score": 3.0, "rsi": 78.49774339136037, "funding": -0.92993825546241, "wall": 1.705711185638193, "time": 1770883769.5416894}, "PIPPIN-USDT-SWAP": {"score": 5.0, "rsi": 63.34462059412036, "funding": 0.005, "wall": 1.483221476510067, "time": 1770883770.2392375}, "ZBT-USDT-SWAP": {"score": 3.0, "rsi": 84.69079939668173, "funding": -0.30627015991902, "wall": 1.378886581884246, "time": 1770883770.9376378}, "XPL-USDT-SWAP": {"score": 6.0, "rsi": 87.50650702758975, "funding": -0.00120390711296, "wall": 1.2354486415489019, "time": 1770883771.6453154}, "MINA-USDT-SWAP": {"score": 4.0, "rsi": 71.47887323943664, "funding": -0.02547868235551, "wall": 0.8049357225003511, "time": 1770883772.3391736}, "EDEN-USDT-SWAP": {"score": 5.0, "rsi": 44.95912806539506, "funding": 0.005, "wall": 0.8021087425068081, "time": 1770883773.0401335}, "GRASS-USDT-SWAP": {"score": 5.0, "rsi": 79.85185185185188, "funding": -0.00695860186353, "wall": 1.0570365536519561, "time": 1770883773.735606}, "SPACE-USDT-SWAP": {"score": 5.0, "rsi": 61.971830985915496, "funding": 0.005, "wall": 1.3120307024862339, "time": 1770883774.3854058}, "ZIL-USDT-SWAP": {"score": 4.0, "rsi": 62.31647634584012, "funding": -0.02842351777849, "wall": 1.040339761502919, "time": 1770883775.0433862}, "ANIME-USDT-SWAP": {"score": 6.0, "rsi": 80.66298342541435, "funding": 0.005, "wall": 0.5093412121289304, "time": 1770883775.7380326}, "ALLO-USDT-SWAP": {"score": 5.0, "rsi": 49.31129476584023, "funding": 0.005, "wall": 1.2881616939364773, "time": 1770883776.3843572}, "ZK-USDT-SWAP": {"score": 4.0, "rsi": 61.93181818181817, "funding": -0.00440742997812, "wall": 0.9598027610380027, "time": 1770883777.0863786}, "YB-USDT-SWAP": {"score": 5.0, "rsi": 55.58912386706946, "funding": 0.005, "wall": 1.0127982634469916, "time": 1770883777.783578}, "S-USDT-SWAP": {"score": 5.0, "rsi": 73.16148597422291, "funding": 0.005, "wall": 1.1536702492568032, "time": 1770883778.4381032}, "RVN-USDT-SWAP": {"score": 5.0, "rsi": 73.40909090909079, "funding": 0.008600991114069999, "wall": 1.2065209924168363, "time": 1770883779.1386852}, "LAYER-USDT-SWAP": {"score": 6.0, "rsi": 83.95061728395054, "funding": 0.005, "wall": 0.643350476306897, "time": 1770883779.8400517}, "AVNT-USDT-SWAP": {"score": 5.0, "rsi": 81.51658767772517, "funding": -0.08730112777867001, "wall": 1.033741783897927, "time": 1770883780.5903642}, "ACU-USDT-SWAP": {"score": 5.0, "rsi": 41.372709871479344, "funding": 0.005, "wall": 1.3754985754985756, "time": 1770883781.2851384}, "TRIA-USDT-SWAP": {"score": 5.0, "rsi": 54.27509293680298, "funding": 0.005, "wall": 0.7918454935622318, "time": 1770883781.987418}, "WCT-USDT-SWAP": {"score": 5.0, "rsi": 49.56011730205285, "funding": 0.005, "wall": 1.518406869461953, "time": 1770883782.6882281}, "PLUME-USDT-SWAP": {"score": 5.0, "rsi": 82.30769230769224, "funding": -0.00722323038836, "wall": 2.3867410995968217, "time": 1770883783.397808}, "USELESS-USDT-SWAP": {"score": 5.0, "rsi": 48.12030075187974, "funding": 0.005, "wall": 0.9189165394999413, "time": 1770883784.0962005}}