{"BERA-USDT-SWAP": {"score": 2.0, "rsi": 30.06782215523738, "funding": -0.15702122570653, "wall": 0.9885813013373995, "time": 1770914606.6155894}, "LINEA-USDT-SWAP": {"score": 4.0, "rsi": 51.17513267626992, "funding": -0.08754127399803, "wall": 0.8187461256931294, "time": 1770899644.6457326}, "ME-USDT-SWAP": {"score": 2.0, "rsi": 74.45887445887448, "funding": -1.43450741024264, "wall": 1.5581328681220237, "time": 1770914608.0541146}, "MERL-USDT-SWAP": {"score": 5.0, "rsi": 67.82884310618066, "funding": 0.005, "wall": 1.4865309182254283, "time": 1770892328.3916075}, "DYDX-USDT-SWAP": {"score": 6.0, "rsi": 76.56249999999999, "funding": 0.01, "wall": 0.8432919125867623, "time": 1770883767.4870546}, "W-USDT-SWAP": {"score": 6.0, "rsi": 83.5227272727272, "funding": 0.005, "wall": 0.9048485354047111, "time": 1770892329.6040838}, "GMT-USDT-SWAP": {"score": 6.0, "rsi": 83.65384615384616, "funding": 0.005, "wall": 0.7500076356930528, "time": 1770892330.8472788}, "0G-USDT-SWAP": {"score": 2.0, "rsi": 52.633093525179845, "funding": -0.13814491326553, "wall": 0.9385105508358454, "time": 1770914610.3049731}, "PIPPIN-USDT-SWAP": {"score": 4.0, "rsi": 64.80239691824798, "funding": -0.01390738167757, "wall": 0.648005148005148, "time": 1770907275.0209997}, "ZBT-USDT-SWAP": {"score": 4.0, "rsi": 56.100051046452286, "funding": -0.06618605906099, "wall": 1.1234393788690786, "time": 1770899647.7997768}, "XPL-USDT-SWAP": {"score": 5.0, "rsi": 59.749552772808585, "funding": 0.005, "wall": 0.7105182260908959, "time": 1770914612.0557704}, "MINA-USDT-SWAP": {"score": 5.0, "rsi": 80.27681660899648, "funding": -0.04293694924948, "wall": 0.8978735529432799, "time": 1770892337.1350656}, "EDEN-USDT-SWAP": {"score": 5.0, "rsi": 35.20249221183806, "funding": 0.005, "wall": 0.8855357219297119, "time": 1770892337.7837133}, "GRASS-USDT-SWAP": {"score": 5.0, "rsi": 51.14795918367347, "funding": 0.005, "wall": 0.9800637983545419, "time": 1770914613.8088002}, "SPACE-USDT-SWAP": {"score": 5.0, "rsi": 51.02420856610802, "funding": 0.005, "wall": 1.03560724524368, "time": 1770892338.392289}, "ZIL-USDT-SWAP": {"score": 4.0, "rsi": 56.21468926553669, "funding": -0.09243349588443, "wall": 1.0577335258797598, "time": 1770907280.1159875}, "ANIME-USDT-SWAP": {"score": 5.0, "rsi": 83.11111111111114, "funding": -0.00305571938503, "wall": 1.5044837238233464, "time": 1770892340.1841135}, "ALLO-USDT-SWAP": {"score": 5.0, "rsi": 49.31129476584023, "funding": 0.005, "wall": 1.2881616939364773, "time": 1770883776.3843572}, "ZK-USDT-SWAP": {"score": 4.0, "rsi": 61.93181818181817, "funding": -0.00440742997812, "wall": 0.9598027610380027, "time": 1770883777.0863786}, "YB-USDT-SWAP": {"score": 5.0, "rsi": 46.25850340136052, "funding": 0.005, "wall": 0.751038994234647, "time": 1770899654.5455995}, "S-USDT-SWAP": {"score": 5.0, "rsi": 16.589147286821643, "funding": 0.005, "wall": 0.995291850720765, "time": 1770914614.7161152}, "RVN-USDT-SWAP": {"score": 6.0, "rsi": 84.12698412698393, "funding": 0.00797104281496, "wall": 1.3501885673514396, "time": 1770892345.6893468}, "LAYER-USDT-SWAP": {"score": 4.0, "rsi": 58.10324129651859, "funding": -0.00091683393962, "wall": 0.834728280089591, "time": 1770907278.4097111}, "AVNT-USDT-SWAP": {"score": 2.0, "rsi": 58.77862595419844, "funding": -0.12597105035388, "wall": 1.1508688104772873, "time": 1770907277.5581176}, "ACU-USDT-SWAP": {"score": 5.0, "rsi": 65.54561717352414, "funding": 0.005, "wall": 1.3530701754385965, "time": 1770899655.3967683}, "TRIA-USDT-SWAP": {"score": 5.0, "rsi": 47.29281767955803, "funding": 0.005, "wall": 0.9003607263027069, "time": 1770892347.4407892}, "WCT-USDT-SWAP": {"score": 5.0, "rsi": 49.56011730205285, "funding": 0.005, "wall": 1.518406869461953, "time": 1770883782.6882281}, "PLUME-USDT-SWAP": {"score": 5.5, "rsi": 61.98830409356727, "funding": -0.02729020737539, "wall": 3.171739523601817, "time": 1770899656.0931628}, "USELESS-USDT-SWAP": {"score": 5.0, "rsi": 71.40186915887848, "funding": 0.005, "wall": 0.628347103862958, "time": 1770907283.7190835}, "ASTER-USDT-SWAP": {"score": 5.0, "rsi": 56.51828298887122, "funding": 0.00430295227975, "wall": 1.2472046044232115, "time": 1770907271.923411}, "HYPE-USDT-SWAP": {"score": 4.0, "rsi": 61.010433827567255, "funding": -0.0026814900522099997, "wall": 0.9092440344896732, "time": 1770892333.2866313}, "MAGIC-USDT-SWAP": {"score": 4.0, "rsi": 68.09583858764191, "funding": -0.0887515316797, "wall": 1.1455950132386234, "time": 1770899649.9469292}, "BREV-USDT-SWAP": {"score": 4.0, "rsi": 74.2358078602621, "funding": -0.0456023885434, "wall": 0.793577958953433, "time": 1770892335.8471086}, "MOVE-USDT-SWAP": {"score": 2.0, "rsi": 61.06666666666665, "funding": -0.12802435283041, "wall": 1.1338826255462047, "time": 1770914611.2047799}, "AR-USDT-SWAP": {"score": 5.0, "rsi": 77.11864406779654, "funding": -0.00394109288272, "wall": 0.7571154399024079, "time": 1770899653.151809}, "ORDI-USDT-SWAP": {"score": 6.0, "rsi": 82.8282828282826, "funding": 0.005, "wall": 1.3117437574192474, "time": 1770892344.4375253}, "PENGU-USDT-SWAP": {"score": 5.0, "rsi": 79.49183303085296, "funding": -0.00171413293875, "wall": 1.043052006378075, "time": 1770892345.0827513}, "JTO-USDT-SWAP": {"score": 4.0, "rsi": 61.72506738544473, "funding": -0.01946252521069, "wall": 0.7553391996795891, "time": 1770914615.557777}, "MOODENG-USDT-SWAP": {"score": 2.0, "rsi": 68.8289806234204, "funding": -0.52399196796741, "wall": 0.853713339640492, "time": 1770914612.9599128}, "WLFI-USDT-SWAP": {"score": 5.0, "rsi": 80.20833333333343, "funding": -0.042341280362389995, "wall": 1.0406823941344645, "time": 1770907279.2592294}, "VIRTUAL-USDT-SWAP": {"score": 4.0, "rsi": 69.26751592356689, "funding": -0.02170970427717, "wall": 1.1205772660937248, "time": 1770907285.0203304}, "RIVER-USDT-SWAP": {"score": 6.0, "rsi": 79.79125699591592, "funding": 0.005, "wall": 1.029375, "time": 1770914609.4062574}, "LIT-USDT-SWAP": {"score": 5.0, "rsi": 53.07262569832405, "funding": 0.005, "wall": 0.9262074299277275, "time": 1770914616.4605386}, "AZTEC-USDT-SWAP": {"score": 4.0, "rsi": 60.84118926758521, "funding": -0.09092200344242, "wall": 0.6446491334383712, "time": 1770914617.3596778}}