{"BERA-USDT-SWAP": {"score": 2.0, "rsi": 30.06782215523738, "funding": -0.15702122570653, "wall": 0.9885813013373995, "time": 1770914606.6155894}, "LINEA-USDT-SWAP": {"score": 6.0, "rsi": 85.27272727272721, "funding": -0.00074349552312, "wall": 0.445520810710779, "time": 1771093026.4550097}, "ME-USDT-SWAP": {"score": 2.0, "rsi": 50.05793742757821, "funding": -0.38149773702001, "wall": 0.8829539792242767, "time": 1770934750.9436352}, "MERL-USDT-SWAP": {"score": 5.0, "rsi": 59.43251533742332, "funding": 0.005, "wall": 1.3407050115277273, "time": 1771021223.992813}, "DYDX-USDT-SWAP": {"score": 6.0, "rsi": 76.56249999999999, "funding": 0.01, "wall": 0.8432919125867623, "time": 1770883767.4870546}, "W-USDT-SWAP": {"score": 5.0, "rsi": 69.23076923076925, "funding": 0.005, "wall": 0.9045974668411534, "time": 1771071598.55321}, "GMT-USDT-SWAP": {"score": 6.0, "rsi": 83.65384615384616, "funding": 0.005, "wall": 0.7500076356930528, "time": 1770892330.8472788}, "0G-USDT-SWAP": {"score": 2.0, "rsi": 43.35260115606942, "funding": -0.22064909460401003, "wall": 1.3089669809395534, "time": 1770934752.8928833}, "PIPPIN-USDT-SWAP": {"score": 4.0, "rsi": 68.669608487466, "funding": -0.00740022356096, "wall": 0.8127294981640147, "time": 1771107045.3926985}, "ZBT-USDT-SWAP": {"score": 5.0, "rsi": 59.925093632958884, "funding": 0.005, "wall": 0.7679853626285768, "time": 1771050562.5091147}, "XPL-USDT-SWAP": {"score": 4.0, "rsi": 52.68065268065271, "funding": -0.00802880857482, "wall": 0.93790353209267, "time": 1771071600.8973496}, "MINA-USDT-SWAP": {"score": 5.0, "rsi": 80.27681660899648, "funding": -0.04293694924948, "wall": 0.8978735529432799, "time": 1770892337.1350656}, "EDEN-USDT-SWAP": {"score": 5.0, "rsi": 57.43944636678203, "funding": 0.005, "wall": 0.9621117628897808, "time": 1771078582.0748181}, "GRASS-USDT-SWAP": {"score": 5.0, "rsi": 51.14795918367347, "funding": 0.005, "wall": 0.9800637983545419, "time": 1770914613.8088002}, "SPACE-USDT-SWAP": {"score": 6.0, "rsi": 76.3649778652238, "funding": 0.005, "wall": 1.7344726437954343, "time": 1771107039.9921885}, "ZIL-USDT-SWAP": {"score": 4.0, "rsi": 56.21468926553669, "funding": -0.09243349588443, "wall": 1.0577335258797598, "time": 1770907280.1159875}, "ANIME-USDT-SWAP": {"score": 5.0, "rsi": 83.11111111111114, "funding": -0.00305571938503, "wall": 1.5044837238233464, "time": 1770892340.1841135}, "ALLO-USDT-SWAP": {"score": 4.0, "rsi": 50.487329434697855, "funding": -0.00083240654279, "wall": 0.46333202048050415, "time": 1771021236.2454014}, "ZK-USDT-SWAP": {"score": 4.0, "rsi": 61.93181818181817, "funding": -0.00440742997812, "wall": 0.9598027610380027, "time": 1770883777.0863786}, "YB-USDT-SWAP": {"score": 5.0, "rsi": 46.25850340136052, "funding": 0.005, "wall": 0.751038994234647, "time": 1770899654.5455995}, "S-USDT-SWAP": {"score": 5.0, "rsi": 55.249999999999986, "funding": 0.005, "wall": 0.7059289790741915, "time": 1771107052.1455328}, "RVN-USDT-SWAP": {"score": 6.0, "rsi": 84.12698412698393, "funding": 0.00797104281496, "wall": 1.3501885673514396, "time": 1770892345.6893468}, "LAYER-USDT-SWAP": {"score": 4.0, "rsi": 53.49282296650715, "funding": -0.0017894491677899998, "wall": 0.6477091547293873, "time": 1771057019.359109}, "AVNT-USDT-SWAP": {"score": 2.0, "rsi": 58.77862595419844, "funding": -0.12597105035388, "wall": 1.1508688104772873, "time": 1770907277.5581176}, "ACU-USDT-SWAP": {"score": 5.0, "rsi": 65.54561717352414, "funding": 0.005, "wall": 1.3530701754385965, "time": 1770899655.3967683}, "TRIA-USDT-SWAP": {"score": 5.0, "rsi": 58.26377295492486, "funding": 0.005, "wall": 0.8602477441055661, "time": 1771107056.3343978}, "WCT-USDT-SWAP": {"score": 5.0, "rsi": 49.56011730205285, "funding": 0.005, "wall": 1.518406869461953, "time": 1770883782.6882281}, "PLUME-USDT-SWAP": {"score": 5.5, "rsi": 61.98830409356727, "funding": -0.02729020737539, "wall": 3.171739523601817, "time": 1770899656.0931628}, "USELESS-USDT-SWAP": {"score": 6.0, "rsi": 84.0, "funding": 0.005, "wall": 0.8433264307228916, "time": 1771107051.4879873}, "ASTER-USDT-SWAP": {"score": 5.0, "rsi": 56.51828298887122, "funding": 0.00430295227975, "wall": 1.2472046044232115, "time": 1770907271.923411}, "HYPE-USDT-SWAP": {"score": 5.0, "rsi": 73.68609224168756, "funding": 0.00290642702982, "wall": 0.3853175623553613, "time": 1771007335.2620308}, "MAGIC-USDT-SWAP": {"score": 4.0, "rsi": 68.09583858764191, "funding": -0.0887515316797, "wall": 1.1455950132386234, "time": 1770899649.9469292}, "BREV-USDT-SWAP": {"score": 5.0, "rsi": 61.572052401746724, "funding": 0.005, "wall": 0.8730606913031883, "time": 1770927676.3145232}, "MOVE-USDT-SWAP": {"score": 2.0, "rsi": 60.64814814814815, "funding": -0.63290179814229, "wall": 0.6056005009392611, "time": 1770927673.1086128}, "AR-USDT-SWAP": {"score": 6.0, "rsi": 78.53881278538833, "funding": 0.01, "wall": 0.9049102967234921, "time": 1771099928.3633072}, "ORDI-USDT-SWAP": {"score": 6.0, "rsi": 82.8282828282826, "funding": 0.005, "wall": 1.3117437574192474, "time": 1770892344.4375253}, "PENGU-USDT-SWAP": {"score": 7.0, "rsi": 86.99551569506727, "funding": 0.005, "wall": 2.8027233625281363, "time": 1771107047.8457472}, "JTO-USDT-SWAP": {"score": 4.0, "rsi": 61.72506738544473, "funding": -0.01946252521069, "wall": 0.7553391996795891, "time": 1770914615.557777}, "MOODENG-USDT-SWAP": {"score": 5.0, "rsi": 81.98558847077662, "funding": -0.0026701730401000002, "wall": 1.0024089592783374, "time": 1771107043.5948157}, "WLFI-USDT-SWAP": {"score": 5.0, "rsi": 80.20833333333343, "funding": -0.042341280362389995, "wall": 1.0406823941344645, "time": 1770907279.2592294}, "VIRTUAL-USDT-SWAP": {"score": 5.0, "rsi": 63.77952755905515, "funding": 0.005, "wall": 0.9638957888048062, "time": 1771107049.694498}, "RIVER-USDT-SWAP": {"score": 2.0, "rsi": 25.06184090613199, "funding": -0.47191205759507, "wall": 0.5385863431151241, "time": 1770985738.3869033}, "LIT-USDT-SWAP": {"score": 5.0, "rsi": 53.900709219858165, "funding": 0.005, "wall": 0.9225686557918645, "time": 1771050572.0602913}, "AZTEC-USDT-SWAP": {"score": 4.0, "rsi": 17.396184062850736, "funding": -0.0056480774262399995, "wall": 0.6555905945099367, "time": 1771050560.4130254}, "RECALL-USDT-SWAP": {"score": 5.0, "rsi": 63.68638239339752, "funding": 0.005, "wall": 1.789711796246649, "time": 1771107052.7846375}, "LPT-USDT-SWAP": {"score": 2.0, "rsi": 67.05202312138724, "funding": -0.26623414833665, "wall": 0.9000083778313763, "time": 1771021225.3873606}, "GPS-USDT-SWAP": {"score": 5.0, "rsi": 56.647807637906624, "funding": 0.005, "wall": 0.9495826724563822, "time": 1771057015.0640638}, "MON-USDT-SWAP": {"score": 5.0, "rsi": 70.19230769230768, "funding": 0.005, "wall": 1.079752110974234, "time": 1771085698.914889}, "COAI-USDT-SWAP": {"score": 5.0, "rsi": 61.272727272727266, "funding": 0.005, "wall": 0.7365903809884373, "time": 1771107038.6945727}, "OM-USDT-SWAP": {"score": 2.0, "rsi": 58.998705222270196, "funding": -0.9129417716309899, "wall": 1.3723124477620545, "time": 1771064041.2102752}, "ZAMA-USDT-SWAP": {"score": 5.0, "rsi": 54.54545454545453, "funding": 0.00303310883724, "wall": 0.9389429953006879, "time": 1771099913.1624444}, "CRV-USDT-SWAP": {"score": 7.0, "rsi": 85.47717842323661, "funding": 0.01, "wall": 1.4239739970582046, "time": 1771007331.7752535}, "PI-USDT-SWAP": {"score": 5.0, "rsi": 74.0343347639485, "funding": 0.005, "wall": 0.9365244911170251, "time": 1771107041.7946858}, "SUI-USDT-SWAP": {"score": 5.0, "rsi": 75.02930832356388, "funding": -0.01853839541142, "wall": 0.7070776136642387, "time": 1771071600.055551}, "FOGO-USDT-SWAP": {"score": 4.0, "rsi": 60.3550295857988, "funding": -0.026828891861090002, "wall": 0.7860462553638332, "time": 1771050559.6077778}, "ZEC-USDT-SWAP": {"score": 5.0, "rsi": 79.84767707539989, "funding": -0.09362422250655, "wall": 0.6195102992615624, "time": 1771107042.4422367}, "CFX-USDT-SWAP": {"score": 5.0, "rsi": 74.08256880733944, "funding": 0.01, "wall": 0.6114188853977178, "time": 1771107056.9413772},